[{"Year":"1980","Wind electricity net generation, World, Annual (billion kilowatthours)":"0.0"},{"Year":"1981","Wind electricity net generation, World, Annual (billion kilowatthours)":"0.0"},{"Year":"1982","Wind electricity net generation, World, Annual (billion kilowatthours)":"0.0"},{"Year":"1983","Wind electricity net generation, World, Annual (billion kilowatthours)":"0.029667962"},{"Year":"1984","Wind electricity net generation, World, Annual (billion kilowatthours)":"0.050490252"},{"Year":"1985","Wind electricity net generation, World, Annual (billion kilowatthours)":"0.072761883"},{"Year":"1986","Wind electricity net generation, World, Annual (billion kilowatthours)":"0.14918872"},{"Year":"1987","Wind electricity net generation, World, Annual (billion kilowatthours)":"0.205541414"},{"Year":"1988","Wind electricity net generation, World, Annual (billion kilowatthours)":"0.342871014"},{"Year":"1989","Wind electricity net generation, World, Annual (billion kilowatthours)":"2.597943"},{"Year":"1990","Wind electricity net generation, World, Annual (billion kilowatthours)":"3.5356"},{"Year":"1991","Wind electricity net generation, World, Annual (billion kilowatthours)":"4.096951"},{"Year":"1992","Wind electricity net generation, World, Annual (billion kilowatthours)":"4.611373"},{"Year":"1993","Wind electricity net generation, World, Annual (billion kilowatthours)":"5.55795"},{"Year":"1994","Wind electricity net generation, World, Annual (billion kilowatthours)":"7.284414"},{"Year":"1995","Wind electricity net generation, World, Annual (billion kilowatthours)":"7.935523"},{"Year":"1996","Wind electricity net generation, World, Annual (billion kilowatthours)":"9.288649"},{"Year":"1997","Wind electricity net generation, World, Annual (billion kilowatthours)":"12.134585"},{"Year":"1998","Wind electricity net generation, World, Annual (billion kilowatthours)":"16.108642"},{"Year":"1999","Wind electricity net generation, World, Annual (billion kilowatthours)":"21.24186"},{"Year":"2000","Wind electricity net generation, World, Annual (billion kilowatthours)":"31.364314"},{"Year":"2001","Wind electricity net generation, World, Annual (billion kilowatthours)":"38.367365"},{"Year":"2002","Wind electricity net generation, World, Annual (billion kilowatthours)":"52.766363"},{"Year":"2003","Wind electricity net generation, World, Annual (billion kilowatthours)":"64.306051483"},{"Year":"2004","Wind electricity net generation, World, Annual (billion kilowatthours)":"84.136272203"},{"Year":"2005","Wind electricity net generation, World, Annual (billion kilowatthours)":"104.020903533"},{"Year":"2006","Wind electricity net generation, World, Annual (billion kilowatthours)":"131.829787473"},{"Year":"2007","Wind electricity net generation, World, Annual (billion kilowatthours)":"170.565478913"},{"Year":"2008","Wind electricity net generation, World, Annual (billion kilowatthours)":"220.29993908"},{"Year":"2009","Wind electricity net generation, World, Annual (billion kilowatthours)":"276.05409674"},{"Year":"2010","Wind electricity net generation, World, Annual (billion kilowatthours)":"339.52415612"},{"Year":"2011","Wind electricity net generation, World, Annual (billion kilowatthours)":"434.40607867"},{"Year":"2012","Wind electricity net generation, World, Annual (billion kilowatthours)":"521.27202289"},{"Year":"2013","Wind electricity net generation, World, Annual (billion kilowatthours)":"643.65206546"},{"Year":"2014","Wind electricity net generation, World, Annual (billion kilowatthours)":"714.05780186"},{"Year":"2015","Wind electricity net generation, World, Annual (billion kilowatthours)":"827.66407778"},{"Year":"2016","Wind electricity net generation, World, Annual (billion kilowatthours)":"956.16038216"},{"Year":"2017","Wind electricity net generation, World, Annual (billion kilowatthours)":"1124.74524524"},{"Year":"2018","Wind electricity net generation, World, Annual (billion kilowatthours)":"1265.46627373"},{"Year":"2019","Wind electricity net generation, World, Annual (billion kilowatthours)":"1420.45057253"}]